{
  "assemblyStates": {
    "Studio.Generated.TypedDataTable2": {
      "namespace": "System.Data",
      "providerName": "TypedDataTable",
      "key": {
        "name": "Studio.Generated.TypedDataTable2",
        "hash": null,
        "assemblyName": "Studio.Generated.TypedDataTable2"
      }
    },
    "Studio.Generated.TypedDataTable1": {
      "namespace": "System.Data",
      "providerName": "TypedDataTable",
      "key": {
        "name": "Studio.Generated.TypedDataTable1",
        "hash": null,
        "assemblyName": "Studio.Generated.TypedDataTable1"
      }
    }
  }
}